"author","coauthors"
"Dominique Makowski","Pascale Piolino"
"Dominique Makowski","Marco Sperduti"
"Dominique Makowski","Serge Nicolas"
"Dominique Makowski","Daniel Lüdecke"
"Dominique Makowski","Philippe Blondé"
"Dominique Makowski","Tiziana Zalla"
"Dominique Makowski","Stephane Lemaire"
"Dominique Makowski","Mattan S. Ben-Shachar"
"Dominique Makowski","Sh Annabel Chen"
"Dominique Makowski","Léo Dutriaux"
"Dominique Makowski","Giuseppe Riva"
"Dominique Makowski","Silvia Serino"
"Dominique Makowski","Philip D. Waggoner"
"Dominique Makowski","Allan Armougum"
"Dominique Makowski","Sandrine Rossi"
"Dominique Makowski","Tam Pham"
"Dominique Makowski","Lau Zen Juen"
"Dominique Makowski","Jean-Charles Girardeau"
"Dominique Makowski","Adrian Raine"
"Dominique Makowski","La Corte Valentina"
"Marco Sperduti","Pascale Piolino"
"Marco Sperduti","Dominique Makowski"
"Marco Sperduti","Tiziana Zalla"
"Marco Sperduti","Catherine Oppenheim"
"Marco Sperduti","Serge Nicolas"
"Marco Sperduti","Krebs Marie-Odile"
"Marco Sperduti","Di Rienzo Franck, Phd."
"Marco Sperduti","Philippe Blondé"
"Marco Sperduti","Stephane Lemaire"
"Marco Sperduti","Eric Bertasi"
"Marco Sperduti","Aymeric Guillot"
"Marco Sperduti","Marion Leboyer"
"Marco Sperduti","Kouloud Abichou"
"Marco Sperduti","François Vialatte"
"Marco Sperduti","Giuseppina Porciello"
"Marco Sperduti","Laurie Compère"
"Marco Sperduti","Bufalari Ilaria"
"Marco Sperduti","Catherine Tallon-Baudry"
"Marco Sperduti","Allan Armougum"
"Marco Sperduti","Jean-Charles Girardeau"
"Serge Nicolas","Pascale Piolino"
"Serge Nicolas","Gaën Plancher"
"Serge Nicolas","Alessandro Guida"
"Serge Nicolas","Yannick Gounden"
"Serge Nicolas","Ludovic Ferrand"
"Serge Nicolas","Dominique Makowski"
"Serge Nicolas","Fernand Gobet"
"Serge Nicolas","Juan Segui"
"Serge Nicolas","Marco Sperduti"
"Serge Nicolas","Jeremy T. Burman"
"Serge Nicolas","Thérèse Collins"
"Serge Nicolas","Henry L. Roediger"
"Serge Nicolas","Todd Lubart"
"Serge Nicolas","Guy Tiberghien"
"Serge Nicolas","Andre Didierjean"
"Serge Nicolas","Dalibor Voboril"
"Serge Nicolas","Chrystel Besche-Richard, Full Professor"
"Serge Nicolas","Andrea Bosco"
"Serge Nicolas","Christine Passerieux"
"Serge Nicolas","Yvonnick Noel"
"Daniel Lüdecke","Dominique Makowski"
"Daniel Lüdecke","Mattan S. Ben-Shachar"
"Daniel Lüdecke","Giovanni Lamura"
"Daniel Lüdecke","Sh Annabel Chen"
"Daniel Lüdecke","Mirko Di Rosa"
"Daniel Lüdecke","Philip D. Waggoner"
"Daniel Lüdecke","Steffen Moritz"
"Daniel Lüdecke","Maria Gabriella Melchiorre"
"Daniel Lüdecke","Bernd Löwe"
"Philippe Blondé","Marco Sperduti"
"Philippe Blondé","Dominique Makowski"
"Philippe Blondé","Pascale Piolino"
"Philippe Blondé","Serge Nicolas"
"Philippe Blondé","Allan Armougum"
"Philippe Blondé","Tiziana Zalla"
"Philippe Blondé","Stephane Lemaire"
"Philippe Blondé","Jean-Charles Girardeau"
"Philippe Blondé","La Corte Valentina"
"Tiziana Zalla","Jordan Grafman"
"Tiziana Zalla","Marco Sperduti"
"Tiziana Zalla","Nicolas Franck"
"Tiziana Zalla","David Sander"
"Tiziana Zalla","Gianpaolo Basso"
"Tiziana Zalla","Pietro Pietrini"
"Tiziana Zalla","Pascale Piolino"
"Tiziana Zalla","Laurent Cohen"
"Tiziana Zalla","Franck Ramus"
"Tiziana Zalla","Emmanuel Dupoux"
"Tiziana Zalla","Pierre Jacob"
"Tiziana Zalla","Michael Phipps"
"Tiziana Zalla","Giorgio Coricelli"
"Tiziana Zalla","Janet Metcalfe"
"Tiziana Zalla","Edouard Machery"
"Tiziana Zalla","Andrea Stocco"
"Tiziana Zalla","Danilo Fum"
"Tiziana Zalla","Manuela Piazza"
"Tiziana Zalla","Bernard Pachoud"
"Tiziana Zalla","Adriano Paolo Gershom Palma"
"Stephane Lemaire","Tiziana Zalla"
"Stephane Lemaire","Marco Sperduti"
"Stephane Lemaire","Dominique Makowski"
"Stephane Lemaire","Pascale Piolino"
"Mattan S. Ben-Shachar","Daniel Lüdecke"
"Mattan S. Ben-Shachar","Dominique Makowski"
"Mattan S. Ben-Shachar","Andrea Berger"
"Mattan S. Ben-Shachar","Sh Annabel Chen"
"Mattan S. Ben-Shachar","Dmitri Lavro"
"Mattan S. Ben-Shachar","Minna Hannula-Sormunen"
"Sh Annabel Chen","John E. Desmond"
"Sh Annabel Chen","Chiao-Yi Wu"
"Sh Annabel Chen","Moon-Ho Ho"
"Sh Annabel Chen","David Kareken"
"Sh Annabel Chen","Anqi Qiu"
"Sh Annabel Chen","Edith Sullivan"
"Sh Annabel Chen","Mark Lowe"
"Sh Annabel Chen","Epifanio Bagarinao"
"Sh Annabel Chen","Gary Bond"
"Sh Annabel Chen","Ming-Jang Chiu"
"Sh Annabel Chen","Peter R. Martin"
"Sh Annabel Chen","Kai-Hsiang Chuang"
"Sh Annabel Chen","James B. Hale"
"Sh Annabel Chen","Paul J. Moberg"
"Sh Annabel Chen","Makoto Miyakoshi"
"Sh Annabel Chen","John Mcgrew"
"Sh Annabel Chen","Fang-Cheng (Frank) Yeh"
"Sh Annabel Chen","Kenneth K Poon"
"Sh Annabel Chen","Chai Quek"
"Sh Annabel Chen","Zachary Walker"
"Léo Dutriaux","Lawrence W. Barsalou"
"Léo Dutriaux","Christoph Scheepers"
"Léo Dutriaux","Serge Nicolas"
"Léo Dutriaux","Dominique Makowski"
"Léo Dutriaux","Pascale Piolino"
"Léo Dutriaux","Giuseppe Riva"
"Léo Dutriaux","Esther K. Papies"
"Giuseppe Riva","Pietro Cipresso"
"Giuseppe Riva","Silvia Serino"
"Giuseppe Riva","Antonios Dakanalis, Md, Psyd, Phd"
"Giuseppe Riva","Daniela Villani"
"Giuseppe Riva","Fabrizia Mantovani"
"Silvia Serino","Giuseppe Riva"
"Silvia Serino","Pietro Cipresso"
"Silvia Serino","Andrea Gaggioli"
"Silvia Serino","Elisa Pedroli"
"Silvia Serino","Federica Pallavicini"
"Silvia Serino","Antonios Dakanalis, Md, Psyd, Phd"
"Silvia Serino","Daniela Villani"
"Silvia Serino","Stefano Triberti"
"Philip D. Waggoner","Scott Clifford"
"Philip D. Waggoner","Ryan Kennedy"
"Philip D. Waggoner","Tyler Burleigh"
"Philip D. Waggoner","Brandon Rottinghaus"
"Philip D. Waggoner","Daniel Lüdecke"
"Philip D. Waggoner","Dominique Makowski"
"Philip D. Waggoner","Myriam Shiran"
"Philip D. Waggoner","Hayden Le"
"Allan Armougum","Pascale Piolino"
"Allan Armougum","Marco Sperduti"
"Allan Armougum","Dominique Makowski"
"Allan Armougum","Philippe Blondé"
"Tam Pham","Lau Zen Juen"
"Tam Pham","Dominique Makowski"
"Tam Pham","Sh Annabel Chen"
"Tam Pham","Adrian Raine"
"Lau Zen Juen","Alexa Morcom"
"Lau Zen Juen","Dominique Makowski"
"Lau Zen Juen","Tam Pham"
"Lau Zen Juen","Sh Annabel Chen"
"Lau Zen Juen","Adrian Raine"
"Jean-Charles Girardeau","Marco Sperduti"
"Jean-Charles Girardeau","Pascale Piolino"
"Jean-Charles Girardeau","Philippe Blondé"
"Jean-Charles Girardeau","Dominique Makowski"
"Dominique Makowski","Pascale Piolino"
"Dominique Makowski","Marco Sperduti"
"Dominique Makowski","Serge Nicolas"
"Dominique Makowski","Daniel Lüdecke"
"Dominique Makowski","Philippe Blondé"
"Dominique Makowski","Tiziana Zalla"
"Dominique Makowski","Stephane Lemaire"
"Dominique Makowski","Mattan S. Ben-Shachar"
"Dominique Makowski","Sh Annabel Chen"
"Dominique Makowski","Léo Dutriaux"
"Dominique Makowski","Giuseppe Riva"
"Dominique Makowski","Silvia Serino"
"Dominique Makowski","Philip D. Waggoner"
"Dominique Makowski","Allan Armougum"
"Dominique Makowski","Sandrine Rossi"
"Dominique Makowski","Tam Pham"
"Dominique Makowski","Lau Zen Juen"
"Dominique Makowski","Jean-Charles Girardeau"
"Dominique Makowski","Adrian Raine"
"Dominique Makowski","La Corte Valentina"
"Dominique Makowski","Pascale Piolino"
"Dominique Makowski","Marco Sperduti"
"Dominique Makowski","Serge Nicolas"
"Dominique Makowski","Daniel Lüdecke"
"Dominique Makowski","Philippe Blondé"
"Dominique Makowski","Tiziana Zalla"
"Dominique Makowski","Stephane Lemaire"
"Dominique Makowski","Mattan S. Ben-Shachar"
"Dominique Makowski","Sh Annabel Chen"
"Dominique Makowski","Léo Dutriaux"
"Dominique Makowski","Giuseppe Riva"
"Dominique Makowski","Silvia Serino"
"Dominique Makowski","Philip D. Waggoner"
"Dominique Makowski","Allan Armougum"
"Dominique Makowski","Sandrine Rossi"
"Dominique Makowski","Tam Pham"
"Dominique Makowski","Lau Zen Juen"
"Dominique Makowski","Jean-Charles Girardeau"
"Dominique Makowski","Adrian Raine"
"Dominique Makowski","La Corte Valentina"
"Dominique Makowski","Pascale Piolino"
"Dominique Makowski","Marco Sperduti"
"Dominique Makowski","Serge Nicolas"
"Dominique Makowski","Daniel Lüdecke"
"Dominique Makowski","Philippe Blondé"
"Dominique Makowski","Tiziana Zalla"
"Dominique Makowski","Stephane Lemaire"
"Dominique Makowski","Mattan S. Ben-Shachar"
"Dominique Makowski","Sh Annabel Chen"
"Dominique Makowski","Léo Dutriaux"
"Dominique Makowski","Giuseppe Riva"
"Dominique Makowski","Silvia Serino"
"Dominique Makowski","Philip D. Waggoner"
"Dominique Makowski","Allan Armougum"
"Dominique Makowski","Sandrine Rossi"
"Dominique Makowski","Tam Pham"
"Dominique Makowski","Lau Zen Juen"
"Dominique Makowski","Jean-Charles Girardeau"
"Dominique Makowski","Adrian Raine"
"Dominique Makowski","La Corte Valentina"
"Dominique Makowski","Pascale Piolino"
"Dominique Makowski","Marco Sperduti"
"Dominique Makowski","Serge Nicolas"
"Dominique Makowski","Daniel Lüdecke"
"Dominique Makowski","Philippe Blondé"
"Dominique Makowski","Tiziana Zalla"
"Dominique Makowski","Stephane Lemaire"
"Dominique Makowski","Mattan S. Ben-Shachar"
"Dominique Makowski","Sh Annabel Chen"
"Dominique Makowski","Léo Dutriaux"
"Dominique Makowski","Giuseppe Riva"
"Dominique Makowski","Silvia Serino"
"Dominique Makowski","Philip D. Waggoner"
"Dominique Makowski","Allan Armougum"
"Dominique Makowski","Sandrine Rossi"
"Dominique Makowski","Tam Pham"
"Dominique Makowski","Lau Zen Juen"
"Dominique Makowski","Jean-Charles Girardeau"
"Dominique Makowski","Adrian Raine"
"Dominique Makowski","La Corte Valentina"
"Dominique Makowski","Pascale Piolino"
"Dominique Makowski","Marco Sperduti"
"Dominique Makowski","Serge Nicolas"
"Dominique Makowski","Daniel Lüdecke"
"Dominique Makowski","Philippe Blondé"
"Dominique Makowski","Tiziana Zalla"
"Dominique Makowski","Stephane Lemaire"
"Dominique Makowski","Mattan S. Ben-Shachar"
"Dominique Makowski","Sh Annabel Chen"
"Dominique Makowski","Léo Dutriaux"
"Dominique Makowski","Giuseppe Riva"
"Dominique Makowski","Silvia Serino"
"Dominique Makowski","Philip D. Waggoner"
"Dominique Makowski","Allan Armougum"
"Dominique Makowski","Sandrine Rossi"
"Dominique Makowski","Tam Pham"
"Dominique Makowski","Lau Zen Juen"
"Dominique Makowski","Jean-Charles Girardeau"
"Dominique Makowski","Adrian Raine"
"Dominique Makowski","La Corte Valentina"
"Dominique Makowski","Pascale Piolino"
"Dominique Makowski","Marco Sperduti"
"Dominique Makowski","Serge Nicolas"
"Dominique Makowski","Daniel Lüdecke"
"Dominique Makowski","Philippe Blondé"
"Dominique Makowski","Tiziana Zalla"
"Dominique Makowski","Stephane Lemaire"
"Dominique Makowski","Mattan S. Ben-Shachar"
"Dominique Makowski","Sh Annabel Chen"
"Dominique Makowski","Léo Dutriaux"
"Dominique Makowski","Giuseppe Riva"
"Dominique Makowski","Silvia Serino"
"Dominique Makowski","Philip D. Waggoner"
"Dominique Makowski","Allan Armougum"
"Dominique Makowski","Sandrine Rossi"
"Dominique Makowski","Tam Pham"
"Dominique Makowski","Lau Zen Juen"
"Dominique Makowski","Jean-Charles Girardeau"
"Dominique Makowski","Adrian Raine"
"Dominique Makowski","La Corte Valentina"
"Catherine Oppenheim","Olivier Naggara"
"Catherine Oppenheim","Jean-Louis Mas"
"Catherine Oppenheim","Didier Dormont"
"Catherine Oppenheim","Charles Mellerio"
"Catherine Oppenheim","Samson Y"
"Catherine Oppenheim","Johan Pallud"
"Catherine Oppenheim","Jean Raymond"
"Catherine Oppenheim","Pascale Varlet"
"Catherine Oppenheim","Arnaud Cachia"
"Catherine Oppenheim","Duprez Thierry"
"Catherine Oppenheim","Gaillard Raphaël"
"Catherine Oppenheim","Laurent Pierot"
"Catherine Oppenheim","Marion Plaze"
"Catherine Oppenheim","Narly Golestani"
"Catherine Oppenheim","Anne Bertrand"
"Catherine Oppenheim","Thierry Galli"
"Di Rienzo Franck, Phd.","Aymeric Guillot"
"Di Rienzo Franck, Phd.","Collet Christian"
"Di Rienzo Franck, Phd.","Nady Hoyek"
"Di Rienzo Franck, Phd.","Thiago Ferreira Dias Kanthack"
"Di Rienzo Franck, Phd.","Sebastien Mateo"
"Di Rienzo Franck, Phd.","Stefan Vogt"
"Di Rienzo Franck, Phd.","Marco Sperduti"
"Di Rienzo Franck, Phd.","Jennifer Cumming"
"Di Rienzo Franck, Phd.","Sarah E Williams"
"Di Rienzo Franck, Phd.","Yoann Blache"
"Di Rienzo Franck, Phd.","Arnaud Saimpont"
"Di Rienzo Franck, Phd.","Rogowski Isabelle"
"Di Rienzo Franck, Phd.","Philip L. Jackson"
"Di Rienzo Franck, Phd.","Guillaume Martinent"
"Di Rienzo Franck, Phd.","Karim Jerbi, Phd"
"Di Rienzo Franck, Phd.","Christina Schmitz"
"Di Rienzo Franck, Phd.","Damien Saboul"
"Di Rienzo Franck, Phd.","Michel Clémençon"
"Di Rienzo Franck, Phd.","Sophie Schlatter"
"Marion Leboyer","Bruno Etain"
"Marion Leboyer","Thomas Bourgeron"
"Marion Leboyer","Josselin Houenou"
"Marion Leboyer","Catalina Betancur"
"Marion Leboyer","Guillaume Fond"
"Marion Leboyer","Tiziana Zalla"
"Marion Leboyer","Pierre A. Geoffroy"
"Marion Leboyer","Bruno Giros"
"Marion Leboyer","Pm Llorca"
"Marion Leboyer","Flávio Kapczinski"
"Kouloud Abichou","Pascale Piolino"
"Kouloud Abichou","Marco Sperduti"
"Kouloud Abichou","Serge Nicolas"
"Laurie Compère","Pascale Piolino"
"Laurie Compère","Catherine Oppenheim"
"Laurie Compère","Marco Sperduti"
"Laurie Compère","Krebs Marie-Odile"
"Marco Sperduti","Pascale Piolino"
"Marco Sperduti","Dominique Makowski"
"Marco Sperduti","Tiziana Zalla"
"Marco Sperduti","Catherine Oppenheim"
"Marco Sperduti","Serge Nicolas"
"Marco Sperduti","Krebs Marie-Odile"
"Marco Sperduti","Di Rienzo Franck, Phd."
"Marco Sperduti","Philippe Blondé"
"Marco Sperduti","Stephane Lemaire"
"Marco Sperduti","Eric Bertasi"
"Marco Sperduti","Aymeric Guillot"
"Marco Sperduti","Marion Leboyer"
"Marco Sperduti","Kouloud Abichou"
"Marco Sperduti","François Vialatte"
"Marco Sperduti","Giuseppina Porciello"
"Marco Sperduti","Laurie Compère"
"Marco Sperduti","Bufalari Ilaria"
"Marco Sperduti","Catherine Tallon-Baudry"
"Marco Sperduti","Allan Armougum"
"Marco Sperduti","Jean-Charles Girardeau"
"Marco Sperduti","Pascale Piolino"
"Marco Sperduti","Dominique Makowski"
"Marco Sperduti","Tiziana Zalla"
"Marco Sperduti","Catherine Oppenheim"
"Marco Sperduti","Serge Nicolas"
"Marco Sperduti","Krebs Marie-Odile"
"Marco Sperduti","Di Rienzo Franck, Phd."
"Marco Sperduti","Philippe Blondé"
"Marco Sperduti","Stephane Lemaire"
"Marco Sperduti","Eric Bertasi"
"Marco Sperduti","Aymeric Guillot"
"Marco Sperduti","Marion Leboyer"
"Marco Sperduti","Kouloud Abichou"
"Marco Sperduti","François Vialatte"
"Marco Sperduti","Giuseppina Porciello"
"Marco Sperduti","Laurie Compère"
"Marco Sperduti","Bufalari Ilaria"
"Marco Sperduti","Catherine Tallon-Baudry"
"Marco Sperduti","Allan Armougum"
"Marco Sperduti","Jean-Charles Girardeau"
"Marco Sperduti","Pascale Piolino"
"Marco Sperduti","Dominique Makowski"
"Marco Sperduti","Tiziana Zalla"
"Marco Sperduti","Catherine Oppenheim"
"Marco Sperduti","Serge Nicolas"
"Marco Sperduti","Krebs Marie-Odile"
"Marco Sperduti","Di Rienzo Franck, Phd."
"Marco Sperduti","Philippe Blondé"
"Marco Sperduti","Stephane Lemaire"
"Marco Sperduti","Eric Bertasi"
"Marco Sperduti","Aymeric Guillot"
"Marco Sperduti","Marion Leboyer"
"Marco Sperduti","Kouloud Abichou"
"Marco Sperduti","François Vialatte"
"Marco Sperduti","Giuseppina Porciello"
"Marco Sperduti","Laurie Compère"
"Marco Sperduti","Bufalari Ilaria"
"Marco Sperduti","Catherine Tallon-Baudry"
"Marco Sperduti","Allan Armougum"
"Marco Sperduti","Jean-Charles Girardeau"
"Gaën Plancher","Pascale Piolino"
"Alessandro Guida","Serge Nicolas"
"Alessandro Guida","Fernand Gobet"
"Alessandro Guida","Yvonnick Noel"
"Alessandro Guida","Fabien Mathy"
"Alessandro Guida","Nicolas Gauvrit"
"Alessandro Guida","Jean-Philippe Van Dijck"
"Alessandro Guida","Valerie Camos"
"Alessandro Guida","Pierre Barrouillet"
"Alessandro Guida","Mustapha Chekaf"
"Alessandro Guida","Gaën Plancher"
"Alessandro Guida","Guillermo Campitelli"
"Alessandro Guida","Benoit Lemaire"
"Alessandro Guida","Thierry Phenix"
"Alessandro Guida","Ahmed M. Megreya"
"Alessandro Guida","Jeremy T. Burman"
"Alessandro Guida","Fernando Soler-Toscano"
"Alessandro Guida","Dezso Nemeth"
"Alessandro Guida","Attila Krajcsi"
"Alessandro Guida","Márton Miháltz"
"Alessandro Guida","Ori Friedman"
"Yannick Gounden","Serge Nicolas"
"Yannick Gounden","Véronique Quaglino"
"Yannick Gounden","Mathieu Hainselin"
"Yannick Gounden","Geoffrey Blondelle"
"Yannick Gounden","Henry L. Roediger"
"Ludovic Ferrand","Jonathan Grainger"
"Ludovic Ferrand","Boris New"
"Ludovic Ferrand","Maria Augustinova"
"Ludovic Ferrand","Juan Segui"
"Ludovic Ferrand","Bonin"
"Ludovic Ferrand","Christophe Pallier"
"Ludovic Ferrand","F.-Xavier Alario"
"Ludovic Ferrand","Marc Brysbaert"
"Ludovic Ferrand","Johannes Ziegler"
"Ludovic Ferrand","Serge Nicolas"
"Ludovic Ferrand","Martial Mermillod"
"Ludovic Ferrand","Arthur M Jacobs"
"Ludovic Ferrand","Glyn W. Humphreys"
"Ludovic Ferrand","Manuel Perea"
"Ludovic Ferrand","Manuel Carreiras"
"Ludovic Ferrand","Kathleen Rastle"
"Ludovic Ferrand","Emmanuel Keuleers"
"Ludovic Ferrand","Kevin J Riggs"
"Ludovic Ferrand","Stephane Dufau"
"Ludovic Ferrand","Jon Andoni Duñabeitia"
"Fernand Gobet","Julian Pine"
"Fernand Gobet","Guillermo Campitelli"
"Fernand Gobet","Daniel Freudenthal"
"Fernand Gobet","Giovanni Sala"
"Fernand Gobet","Gary Jones"
"Fernand Gobet","Herbert A Simon"
"Fernand Gobet","Peter C-H. Cheng"
"Fernand Gobet","Merim Bilalic"
"Fernand Gobet","Steve Croker"
"Fernand Gobet","David Z. Hambrick"
"Fernand Gobet","Adriaan De Groot (Deceased)"
"Fernand Gobet","Alessandro Guida"
"Fernand Gobet","Erik Altmann"
"Fernand Gobet","Martyn Lloyd-Kelly"
"Fernand Gobet","Serge Nicolas"
"Fernand Gobet","Semir Tatlidil"
"Fernand Gobet","Neil Charness"
"Fernand Gobet","Yvan I. Russell"
"Fernand Gobet","Brooke Macnamara"
"Fernand Gobet","Nigel Shadbolt"
"Jeremy T. Burman","Christopher D. Green"
"Jeremy T. Burman","Serge Nicolas"
"Jeremy T. Burman","Alessandro Guida"
"Jeremy T. Burman","Ulrich Müller"
"Jeremy T. Burman","Jovan Byford"
"Jeremy T. Burman","Cristian Tileaga"
"Jeremy T. Burman","Ivan Flis"
"Jeremy T. Burman","Jacy L. Young"
"Jeremy T. Burman","Jennifer L. Bazar"
"Jeremy T. Burman","Wade E, Pickren"
"Thérèse Collins","Patrick Cavanagh"
"Thérèse Collins","Mark Wexler"
"Thérèse Collins","Martin Rolfs"
"Thérèse Collins","Tobias Heed"
"Thérèse Collins","Heiner Deubel"
"Thérèse Collins","Céline Paeye"
"Thérèse Collins","Matteo Lisi"
"Thérèse Collins","J. Kevin O'regan"
"Henry L. Roediger","Kathleen B. Mcdermott"
"Henry L. Roediger","Jeffrey D. Karpicke"
"Henry L. Roediger","Andrew C. Butler"
"Henry L. Roediger","David A. Gallo"
"Henry L. Roediger","Elizabeth J. Marsh"
"Henry L. Roediger","Pooja K. Agarwal, Ph.d."
"Henry L. Roediger","Franklin Zaromb"
"Henry L. Roediger","Adam Putnam"
"Henry L. Roediger","Kavitha Srinivas"
"Henry L. Roediger","Suparna Rajaram"
"Henry L. Roediger","K. Andrew Desoto"
"Henry L. Roediger","J. P. Rushton"
"Henry L. Roediger","Sean Kang"
"Henry L. Roediger","Yana Weinstein-Jones"
"Henry L. Roediger","Mary Pyc"
"Henry L. Roediger","James H. Neely"
"Henry L. Roediger","Bridgid Finn"
"Henry L. Roediger","David Z. Hambrick"
"Henry L. Roediger","Diane Halpern"
"Henry L. Roediger","Melissa J. Guynn"
"Guy Tiberghien","Jean-Yves Baudouin"
"Guy Tiberghien","Nicolas Franck"
"Guy Tiberghien","Rémy Versace"
"Guy Tiberghien","Daniel Gilibert,  S-1069-2016"
"Guy Tiberghien","Benoit Bediou"
"Guy Tiberghien","Caroline Huron"
"Guy Tiberghien","Clara Martin"
"Guy Tiberghien","Hervé Abdi"
"Guy Tiberghien","Serge Nicolas"
"Guy Tiberghien","Evelyne Clément"
"Guy Tiberghien","Valérian Chambon"
"Guy Tiberghien","Stéphane Rousset"
"Guy Tiberghien","Guy Denhiere"
"Guy Tiberghien","Maryse Bianco"
"Guy Tiberghien","Romy Sauvayre"
"Guy Tiberghien","Martial Van Der Linden"
"Dalibor Voboril","Martin Jelínek"
"Dalibor Voboril","Petr Kveton"
"Dalibor Voboril","Marek Blatny"
"Dalibor Voboril","Helena Klimusová"
"Dalibor Voboril","Simona Hoskovcová"
"Dalibor Voboril","Tomas Urbanek"
"Dalibor Voboril","Ivo Cermák"
"Andrea Bosco","Giulio Lancioni"
"Andrea Bosco","Mark O'reilly"
"Andrea Bosco","Alessandro Oronzo Caffò"
"Andrea Bosco","Maria A. Brandimonte"
"Andrea Bosco","Jop Groeneweg"
"Andrea Bosco","Emanuele Coluccia"
"Andrea Bosco","Marina De Tommaso"
"Andrea Bosco","Teresa Gloria Scalisi"
"Andrea Bosco","Amelia Manuti"
"Andrea Bosco","Samuele Filomena"
"Andrea Bosco","Jonathan Schooler"
"Andrea Bosco","Giuseppe Riva"
"Andrea Bosco","Silvia Serino"
"Andrea Bosco","Pietro Cipresso"
"Andrea Bosco","Serge Nicolas"
"Andrea Bosco","Pascale Piolino"
"Andrea Bosco","Russell Lang"
"Andrea Bosco","Giuseppe Curcio"
"Andrea Bosco","Alessandro Taurino"
"Christine Passerieux","Eric Brunet-Gouet"
"Christine Passerieux","Marion Leboyer"
"Christine Passerieux","Paul Roux"
"Christine Passerieux","Bruno Etain"
"Christine Passerieux","Galina Iakimova"
"Christine Passerieux","Chrystel Besche-Richard, Full Professor"
"Christine Passerieux","Delphine Capdevielle"
"Christine Passerieux","Fabrice Berna"
"Christine Passerieux","Guillaume Fond"
"Christine Passerieux","Pm Llorca"
"Christine Passerieux","Emilie Olie"
"Christine Passerieux","Belzeaux Raoul"
"Christine Passerieux","Juan Segui"
"Christine Passerieux","Franck Ramus"
"Christine Passerieux","Ali Oker"
"Christine Passerieux","Bruno Falissard"
"Christine Passerieux","Jean-Claude Martin"
"Christine Passerieux","Matthieu Courgeon"
"Christine Passerieux","Anne Christophe"
"Christine Passerieux","Catherine Saint-Georges"
"Serge Nicolas","Pascale Piolino"
"Serge Nicolas","Gaën Plancher"
"Serge Nicolas","Alessandro Guida"
"Serge Nicolas","Yannick Gounden"
"Serge Nicolas","Ludovic Ferrand"
"Serge Nicolas","Dominique Makowski"
"Serge Nicolas","Fernand Gobet"
"Serge Nicolas","Juan Segui"
"Serge Nicolas","Marco Sperduti"
"Serge Nicolas","Jeremy T. Burman"
"Serge Nicolas","Thérèse Collins"
"Serge Nicolas","Henry L. Roediger"
"Serge Nicolas","Todd Lubart"
"Serge Nicolas","Guy Tiberghien"
"Serge Nicolas","Andre Didierjean"
"Serge Nicolas","Dalibor Voboril"
"Serge Nicolas","Chrystel Besche-Richard, Full Professor"
"Serge Nicolas","Andrea Bosco"
"Serge Nicolas","Christine Passerieux"
"Serge Nicolas","Yvonnick Noel"
"Serge Nicolas","Pascale Piolino"
"Serge Nicolas","Gaën Plancher"
"Serge Nicolas","Alessandro Guida"
"Serge Nicolas","Yannick Gounden"
"Serge Nicolas","Ludovic Ferrand"
"Serge Nicolas","Dominique Makowski"
"Serge Nicolas","Fernand Gobet"
"Serge Nicolas","Juan Segui"
"Serge Nicolas","Marco Sperduti"
"Serge Nicolas","Jeremy T. Burman"
"Serge Nicolas","Thérèse Collins"
"Serge Nicolas","Henry L. Roediger"
"Serge Nicolas","Todd Lubart"
"Serge Nicolas","Guy Tiberghien"
"Serge Nicolas","Andre Didierjean"
"Serge Nicolas","Dalibor Voboril"
"Serge Nicolas","Chrystel Besche-Richard, Full Professor"
"Serge Nicolas","Andrea Bosco"
"Serge Nicolas","Christine Passerieux"
"Serge Nicolas","Yvonnick Noel"
"Serge Nicolas","Pascale Piolino"
"Serge Nicolas","Gaën Plancher"
"Serge Nicolas","Alessandro Guida"
"Serge Nicolas","Yannick Gounden"
"Serge Nicolas","Ludovic Ferrand"
"Serge Nicolas","Dominique Makowski"
"Serge Nicolas","Fernand Gobet"
"Serge Nicolas","Juan Segui"
"Serge Nicolas","Marco Sperduti"
"Serge Nicolas","Jeremy T. Burman"
"Serge Nicolas","Thérèse Collins"
"Serge Nicolas","Henry L. Roediger"
"Serge Nicolas","Todd Lubart"
"Serge Nicolas","Guy Tiberghien"
"Serge Nicolas","Andre Didierjean"
"Serge Nicolas","Dalibor Voboril"
"Serge Nicolas","Chrystel Besche-Richard, Full Professor"
"Serge Nicolas","Andrea Bosco"
"Serge Nicolas","Christine Passerieux"
"Serge Nicolas","Yvonnick Noel"
"Giovanni Lamura","Maria Gabriella Melchiorre"
"Giovanni Lamura","Francesco Barbabella"
"Giovanni Lamura","Carlos Chiatti"
"Giovanni Lamura","Andrea Principi"
"Giovanni Lamura","Roberta Papa"
"Giovanni Lamura","Elizabeth Hanson"
"Giovanni Lamura","Andrzej Klimczuk"
"Giovanni Lamura","Mariano Sánchez"
"Giovanni Lamura","Dieter Ferring"
"Giovanni Lamura","Andrea E. Schmidt"
"Giovanni Lamura","Marco Socci"
"Giovanni Lamura","Per H. Jensen"
"Giovanni Lamura","Cecilia Tomassini"
"Giovanni Lamura","Manfred Huber"
"Giovanni Lamura","Stephanie Carretero"
"Giovanni Lamura","Tine Rostgaard"
"Giovanni Lamura","Susanne Iwarsson"
"Mirko Di Rosa","Giovanni Lamura"
"Mirko Di Rosa","Carlos Chiatti"
"Mirko Di Rosa","Maria Gabriella Melchiorre"
"Mirko Di Rosa","Francesco Barbabella"
"Mirko Di Rosa","Andrea Principi"
"Mirko Di Rosa","Vera Stara"
"Mirko Di Rosa","Sara Santini"
"Mirko Di Rosa","Antonio Cherubini"
"Mirko Di Rosa","Monica Casey"
"Mirko Di Rosa","Liam Glynn"
"Maria Gabriella Melchiorre","Giovanni Lamura"
"Maria Gabriella Melchiorre","Carlos Chiatti"
"Maria Gabriella Melchiorre","Francesco Barbabella"
"Maria Gabriella Melchiorre","Andrea Principi"
"Maria Gabriella Melchiorre","Balducci Cristian"
"Maria Gabriella Melchiorre","Roberta Papa"
"Maria Gabriella Melchiorre","Liana Spazzafumo"
"Maria Gabriella Melchiorre","Mario Barbagallo"
"Maria Gabriella Melchiorre","Ligia Dominguez"
"Maria Gabriella Melchiorre","Michele Tumminello"
"Maria Gabriella Melchiorre","Lamberto Manzoli"
"Daniel Lüdecke","Dominique Makowski"
"Daniel Lüdecke","Mattan S. Ben-Shachar"
"Daniel Lüdecke","Giovanni Lamura"
"Daniel Lüdecke","Sh Annabel Chen"
"Daniel Lüdecke","Mirko Di Rosa"
"Daniel Lüdecke","Philip D. Waggoner"
"Daniel Lüdecke","Steffen Moritz"
"Daniel Lüdecke","Maria Gabriella Melchiorre"
"Daniel Lüdecke","Bernd Löwe"
"Daniel Lüdecke","Dominique Makowski"
"Daniel Lüdecke","Mattan S. Ben-Shachar"
"Daniel Lüdecke","Giovanni Lamura"
"Daniel Lüdecke","Sh Annabel Chen"
"Daniel Lüdecke","Mirko Di Rosa"
"Daniel Lüdecke","Philip D. Waggoner"
"Daniel Lüdecke","Steffen Moritz"
"Daniel Lüdecke","Maria Gabriella Melchiorre"
"Daniel Lüdecke","Bernd Löwe"
"Daniel Lüdecke","Dominique Makowski"
"Daniel Lüdecke","Mattan S. Ben-Shachar"
"Daniel Lüdecke","Giovanni Lamura"
"Daniel Lüdecke","Sh Annabel Chen"
"Daniel Lüdecke","Mirko Di Rosa"
"Daniel Lüdecke","Philip D. Waggoner"
"Daniel Lüdecke","Steffen Moritz"
"Daniel Lüdecke","Maria Gabriella Melchiorre"
"Daniel Lüdecke","Bernd Löwe"
"Philippe Blondé","Marco Sperduti"
"Philippe Blondé","Dominique Makowski"
"Philippe Blondé","Pascale Piolino"
"Philippe Blondé","Serge Nicolas"
"Philippe Blondé","Allan Armougum"
"Philippe Blondé","Tiziana Zalla"
"Philippe Blondé","Stephane Lemaire"
"Philippe Blondé","Jean-Charles Girardeau"
"Philippe Blondé","La Corte Valentina"
"Philippe Blondé","Marco Sperduti"
"Philippe Blondé","Dominique Makowski"
"Philippe Blondé","Pascale Piolino"
"Philippe Blondé","Serge Nicolas"
"Philippe Blondé","Allan Armougum"
"Philippe Blondé","Tiziana Zalla"
"Philippe Blondé","Stephane Lemaire"
"Philippe Blondé","Jean-Charles Girardeau"
"Philippe Blondé","La Corte Valentina"
"Philippe Blondé","Marco Sperduti"
"Philippe Blondé","Dominique Makowski"
"Philippe Blondé","Pascale Piolino"
"Philippe Blondé","Serge Nicolas"
"Philippe Blondé","Allan Armougum"
"Philippe Blondé","Tiziana Zalla"
"Philippe Blondé","Stephane Lemaire"
"Philippe Blondé","Jean-Charles Girardeau"
"Philippe Blondé","La Corte Valentina"
"Jordan Grafman","Frank Krueger"
"Jordan Grafman","Irene Litvan"
"Jordan Grafman","Pietro Pietrini"
"Jordan Grafman","Jorge Moll"
"Jordan Grafman","Alvaro Pascual-Leone, Md, Phd"
"Jordan Grafman","Roland Zahn"
"Jordan Grafman","Matteo Pardini"
"Jordan Grafman","Gianpaolo Basso"
"Jordan Grafman","Vinod Goel"
"Jordan Grafman","Paolo Nichelli"
"Jordan Grafman","Tiziana Zalla"
"Jordan Grafman","N Cella"
"Nicolas Franck","Guy Tiberghien"
"Nicolas Franck","Elisabeth Pacherie"
"Nicolas Franck","Valérian Chambon"
"Nicolas Franck","Jean Decety"
"Nicolas Franck","Chris Frith"
"Nicolas Franck","Tiziana Zalla"
"Nicolas Franck","Andrea Slachevsky"
"Nicolas Franck","Professor Manos Tsakiris"
"Nicolas Franck","Francois Petitjean"
"Nicolas Franck","Philippe Domenech"
"Nicolas Franck","James Kilner"
"Nicolas Franck","Swann Pichon"
"Nicolas Franck","Peter Ford Dominey"
"Nicolas Franck","David Sander"
"Nicolas Franck","Jim Van Os"
"Nicolas Franck","Yann Coello"
"David Sander","Patrik Vuilleumier"
"David Sander","Tobias Brosch"
"David Sander","Gilles Pourtois"
"David Sander","Geraldine Coppin"
"David Sander","Pascal Vrticka"
"David Sander","Sophie Schwartz"
"David Sander","Mohamed L Seghier"
"David Sander","Etienne Roesch"
"David Sander","Lionel Reveret"
"Gianpaolo Basso","Jordan Grafman"
"Gianpaolo Basso","Pietro Pietrini"
"Gianpaolo Basso","Paolo Nichelli"
"Gianpaolo Basso","Francesca Frassinetti"
"Gianpaolo Basso","Tiziana Zalla"
"Gianpaolo Basso","Stefano Magon"
"Gianpaolo Basso","Giuseppe Di Pellegrino"
"Gianpaolo Basso","Franco Fabbro"
"Gianpaolo Basso","Jorge Jovicich"
"Gianpaolo Basso","Eva Baker"
"Gianpaolo Basso","Simon Robinson"
"Gianpaolo Basso","Rita Capasso"
"Pietro Pietrini","Emiliano Ricciardi"
"Pietro Pietrini","James Haxby"
"Pietro Pietrini","Gene E. Alexander"
"Pietro Pietrini","Barry Horwitz"
"Pietro Pietrini","Claudio Gentili"
"Pietro Pietrini","Jordan Grafman"
"Laurent Cohen","Stanislas Dehaene"
"Laurent Cohen","Lionel Naccache"
"Laurent Cohen","Jacques Mehler"
"Laurent Cohen","Ghislaine Dehaene-Lambertz"
"Laurent Cohen","Fabien Vinckier"
"Laurent Cohen","Régine Kolinsky"
"Laurent Cohen","Jean-François Mangin"
"Laurent Cohen","Gaillard Raphaël"
"Laurent Cohen","Emmanuel Dupoux"
"Laurent Cohen","Pierre-Francois Van De Moortele"
"Laurent Cohen","Benjamin Rohaut, Md Phd"
"Laurent Cohen","Felipe Pegado"
"Laurent Cohen","Jb Poline"
"Laurent Cohen","Amedi Amir"
"Laurent Cohen","Mariano Sigman"
"Laurent Cohen","Jacobo Diego Sitt, M.d., Phd"
"Laurent Cohen","Daniela Perani"
"Laurent Cohen","Anna J. Wilson"
"Laurent Cohen","Thiebaut De Schotten, M"
"Laurent Cohen","Jean-Rémi King"
"Franck Ramus","Jacques Mehler"
"Franck Ramus","Uta Frith"
"Franck Ramus","Sarah J White"
"Franck Ramus","Irene Altarelli"
"Franck Ramus","Stuart Rosen"
"Franck Ramus","Hugo Peyre"
"Franck Ramus","Ghislaine Dehaene-Lambertz"
"Franck Ramus","Elizabeth Milne"
"Franck Ramus","John Swettenham"
"Franck Ramus","Emmanuel Dupoux"
"Franck Ramus","Katarzyna Jednoróg"
"Franck Ramus","Joel Fluss"
"Franck Ramus","Dr Peter C. Hansen"
"Franck Ramus","Steven Dakin"
"Franck Ramus","Brian L Day"
"Franck Ramus","Marc Hauser"
"Franck Ramus","Marina Nespor"
"Franck Ramus","Anne-Lise Giraud"
"Franck Ramus","Anne Christophe"
"Franck Ramus","Jessica Dubois"
"Emmanuel Dupoux","Jacques Mehler"
"Emmanuel Dupoux","Sharon Peperkamp"
"Emmanuel Dupoux","Stanislas Dehaene"
"Emmanuel Dupoux","Christophe Pallier"
"Emmanuel Dupoux","Alejandrina (Alex) Cristia"
"Emmanuel Dupoux","Nuria Sebastian Galles"
"Emmanuel Dupoux","Anne Christophe"
"Emmanuel Dupoux","Laurent Cohen"
"Emmanuel Dupoux","Charlotte Jacquemot"
"Emmanuel Dupoux","Thomas Schatz"
"Emmanuel Dupoux","Daniela Perani"
"Emmanuel Dupoux","Gabriel Synnaeve"
"Emmanuel Dupoux","Maarten Versteegh"
"Emmanuel Dupoux","Pierre Jacob"
"Emmanuel Dupoux","Pierre-Francois Van De Moortele"
"Emmanuel Dupoux","Eraldo Paulesu"
"Emmanuel Dupoux","Vincent De Gardelle"
"Emmanuel Dupoux","Jb Poline"
"Emmanuel Dupoux","Franck Ramus"
"Emmanuel Dupoux","Aren Jansen"
"Michael Phipps","Dawn Bravata"
"Michael Phipps","Jordan Grafman"
"Michael Phipps","Jason Sico"
"Michael Phipps","Neale Chumbler"
"Michael Phipps","Irene Litvan"
"Michael Phipps","Elizabeth Milne"
"Giorgio Coricelli","Mateus Joffily"
"Giorgio Coricelli","Rosemarie Nagel"
"Giorgio Coricelli","Raymond J Dolan"
"Giorgio Coricelli","Luca Polonio"
"Giorgio Coricelli","Stefano Palminteri"
"Giorgio Coricelli","Jerome Sallet"
"Giorgio Coricelli","John P. O'doherty"
"Giorgio Coricelli","Hugo Critchley"
"Giorgio Coricelli","Sarah-Jayne Blakemore"
"Giorgio Coricelli","Mehdi Khamassi"
"Giorgio Coricelli","Elsa Fouragnan"
"Giorgio Coricelli","Alain Nicolas"
"Giorgio Coricelli","Ben Greiner"
"Giorgio Coricelli","Stephanie Burnett Heyes"
"Giorgio Coricelli","Gerlinde Fellner-Röhling"
"Giorgio Coricelli","Alessandro Grecucci"
"Giorgio Coricelli","Florence Thibaut"
"Giorgio Coricelli","Sibilla Di Guida"
"Giorgio Coricelli","Paolo Avesani"
"Giorgio Coricelli","Susanne Greiner"
"Janet Metcalfe","Bridgid Finn"
"Janet Metcalfe","Nate Kornell"
"Janet Metcalfe","Lisa Son"
"Janet Metcalfe","Arthur Shimamura"
"Janet Metcalfe","Endel Tulving"
"Janet Metcalfe","John Dunlosky"
"Janet Metcalfe","Garrison W.  Cottrell"
"Janet Metcalfe","W. Jake Jacobs"
"Janet Metcalfe","Teal S Eich"
"Janet Metcalfe","Yaakov Stern"
"Janet Metcalfe","Ken Koedinger"
"Janet Metcalfe","Harold Pashler"
"Janet Metcalfe","Hakwan Lau"
"Janet Metcalfe","Michael S. Gazzaniga"
"Janet Metcalfe","Jason Mitchell"
"Janet Metcalfe","Robert Thomas Knight"
"Janet Metcalfe","Jessica Witt"
"Janet Metcalfe","Kayuet Liu"
"Janet Metcalfe","Li Yan Mccurdy"
"Janet Metcalfe","Michael J. Serra"
"Edouard Machery","Stephen Stich"
"Edouard Machery","Ron Mallon"
"Edouard Machery","Justin Sytsma"
"Edouard Machery","Shaun Nichols"
"Edouard Machery","Daniel Kelly"
"Edouard Machery","Paul Griffiths"
"Edouard Machery","Markus Werning"
"Edouard Machery","David Rose"
"Edouard Machery","Stefan Linquist"
"Edouard Machery","Jonathan Livengood"
"Edouard Machery","David Colaço"
"Edouard Machery","H. Clark Barrett"
"Edouard Machery","Noel Struchiner"
"Edouard Machery","Max Deutsch"
"Edouard Machery","Karola Stotz"
"Edouard Machery","Christopher Y. Olivola"
"Edouard Machery","Elizabeth O'neill"
"Edouard Machery","Konstantinos Katsikopoulos"
"Edouard Machery","Thorsten Pachur"
"Edouard Machery","Annika Wallin"
"Andrea Stocco","Chantel Prat"
"Andrea Stocco","Christian Lebiere"
"Andrea Stocco","Danilo Fum"
"Andrea Stocco","John R Anderson"
"Andrea Stocco","Rajesh P. N. Rao"
"Andrea Stocco","Brianna L. Yamasaki"
"Andrea Stocco","Hedderik Van Rijn"
"Andrea Stocco","Jelmer Borst"
"Andrea Stocco","Niels Taatgen"
"Andrea Stocco","Randall O'reilly"
"Andrea Stocco","Fabio Del Missier"
"Andrea Stocco","Michael W. Cole"
"Andrea Stocco","Patryk Laurent"
"Andrea Stocco","Ion Juvina"
"Andrea Stocco","David Reitter"
"Andrea Stocco","Alexei V. Samsonovich"
"Andrea Stocco","Cristiano Crescentini"
"Andrea Stocco","Paul Rosenbloom"
"Andrea Stocco","John Laird"
"Andrea Stocco","William G. Kennedy"
"Manuela Piazza","Stanislas Dehaene"
"Manuela Piazza","Véronique Izard"
"Manuela Piazza","Edward M. Hubbard"
"Manuela Piazza","Laurent Cohen"
"Manuela Piazza","Brian Butterworth"
"Manuela Piazza","Marco Zorzi"
"Manuela Piazza","Ilaria Berteletti"
"Manuela Piazza","Professor Andrea Mechelli"
"Manuela Piazza","David Melcher"
"Manuela Piazza","Marco Buiatti"
"Manuela Piazza","Valentina Borghesani"
"Manuela Piazza","Andrea Facoetti"
"Manuela Piazza","Alessandro Chinello"
"Manuela Piazza","Mariagrazia Ranzini"
"Manuela Piazza","Ghislaine Dehaene-Lambertz"
"Manuela Piazza","Pedro Pinheiro-Chagas"
"Manuela Piazza","Pierre Pica"
"Manuela Piazza","Elizabeth Spelke"
"Manuela Piazza","Fabian Pedregosa"
"Manuela Piazza","André Knops"
"Tiziana Zalla","Jordan Grafman"
"Tiziana Zalla","Marco Sperduti"
"Tiziana Zalla","Nicolas Franck"
"Tiziana Zalla","David Sander"
"Tiziana Zalla","Gianpaolo Basso"
"Tiziana Zalla","Pietro Pietrini"
"Tiziana Zalla","Pascale Piolino"
"Tiziana Zalla","Laurent Cohen"
"Tiziana Zalla","Franck Ramus"
"Tiziana Zalla","Emmanuel Dupoux"
"Tiziana Zalla","Pierre Jacob"
"Tiziana Zalla","Michael Phipps"
"Tiziana Zalla","Giorgio Coricelli"
"Tiziana Zalla","Janet Metcalfe"
"Tiziana Zalla","Edouard Machery"
"Tiziana Zalla","Andrea Stocco"
"Tiziana Zalla","Danilo Fum"
"Tiziana Zalla","Manuela Piazza"
"Tiziana Zalla","Bernard Pachoud"
"Tiziana Zalla","Adriano Paolo Gershom Palma"
"Tiziana Zalla","Jordan Grafman"
"Tiziana Zalla","Marco Sperduti"
"Tiziana Zalla","Nicolas Franck"
"Tiziana Zalla","David Sander"
"Tiziana Zalla","Gianpaolo Basso"
"Tiziana Zalla","Pietro Pietrini"
"Tiziana Zalla","Pascale Piolino"
"Tiziana Zalla","Laurent Cohen"
"Tiziana Zalla","Franck Ramus"
"Tiziana Zalla","Emmanuel Dupoux"
"Tiziana Zalla","Pierre Jacob"
"Tiziana Zalla","Michael Phipps"
"Tiziana Zalla","Giorgio Coricelli"
"Tiziana Zalla","Janet Metcalfe"
"Tiziana Zalla","Edouard Machery"
"Tiziana Zalla","Andrea Stocco"
"Tiziana Zalla","Danilo Fum"
"Tiziana Zalla","Manuela Piazza"
"Tiziana Zalla","Bernard Pachoud"
"Tiziana Zalla","Adriano Paolo Gershom Palma"
"Tiziana Zalla","Jordan Grafman"
"Tiziana Zalla","Marco Sperduti"
"Tiziana Zalla","Nicolas Franck"
"Tiziana Zalla","David Sander"
"Tiziana Zalla","Gianpaolo Basso"
"Tiziana Zalla","Pietro Pietrini"
"Tiziana Zalla","Pascale Piolino"
"Tiziana Zalla","Laurent Cohen"
"Tiziana Zalla","Franck Ramus"
"Tiziana Zalla","Emmanuel Dupoux"
"Tiziana Zalla","Pierre Jacob"
"Tiziana Zalla","Michael Phipps"
"Tiziana Zalla","Giorgio Coricelli"
"Tiziana Zalla","Janet Metcalfe"
"Tiziana Zalla","Edouard Machery"
"Tiziana Zalla","Andrea Stocco"
"Tiziana Zalla","Danilo Fum"
"Tiziana Zalla","Manuela Piazza"
"Tiziana Zalla","Bernard Pachoud"
"Tiziana Zalla","Adriano Paolo Gershom Palma"
"Stephane Lemaire","Tiziana Zalla"
"Stephane Lemaire","Marco Sperduti"
"Stephane Lemaire","Dominique Makowski"
"Stephane Lemaire","Pascale Piolino"
"Stephane Lemaire","Tiziana Zalla"
"Stephane Lemaire","Marco Sperduti"
"Stephane Lemaire","Dominique Makowski"
"Stephane Lemaire","Pascale Piolino"
"Stephane Lemaire","Tiziana Zalla"
"Stephane Lemaire","Marco Sperduti"
"Stephane Lemaire","Dominique Makowski"
"Stephane Lemaire","Pascale Piolino"
"Minna Hannula-Sormunen","Jake Mcmullen"
"Minna Hannula-Sormunen","Pekka Räsänen"
"Minna Hannula-Sormunen","Bert De Smedt"
"Minna Hannula-Sormunen","Daniel Ansari"
"Minna Hannula-Sormunen","Koen Veermans"
"Minna Hannula-Sormunen","Michael Schneider"
"Minna Hannula-Sormunen","Jo Van Hoof"
"Minna Hannula-Sormunen","Wim Van Dooren"
"Minna Hannula-Sormunen","Silke M. Goebel"
"Minna Hannula-Sormunen","Keith Weber"
"Minna Hannula-Sormunen","Matthew Inglis"
"Minna Hannula-Sormunen","Lara Alcock"
"Minna Hannula-Sormunen","Guenter Esser"
"Minna Hannula-Sormunen","Pekka Räsänen"
"Mattan S. Ben-Shachar","Daniel Lüdecke"
"Mattan S. Ben-Shachar","Dominique Makowski"
"Mattan S. Ben-Shachar","Andrea Berger"
"Mattan S. Ben-Shachar","Sh Annabel Chen"
"Mattan S. Ben-Shachar","Dmitri Lavro"
"Mattan S. Ben-Shachar","Minna Hannula-Sormunen"
"Mattan S. Ben-Shachar","Daniel Lüdecke"
"Mattan S. Ben-Shachar","Dominique Makowski"
"Mattan S. Ben-Shachar","Andrea Berger"
"Mattan S. Ben-Shachar","Sh Annabel Chen"
"Mattan S. Ben-Shachar","Dmitri Lavro"
"Mattan S. Ben-Shachar","Minna Hannula-Sormunen"
"Mattan S. Ben-Shachar","Daniel Lüdecke"
"Mattan S. Ben-Shachar","Dominique Makowski"
"Mattan S. Ben-Shachar","Andrea Berger"
"Mattan S. Ben-Shachar","Sh Annabel Chen"
"Mattan S. Ben-Shachar","Dmitri Lavro"
"Mattan S. Ben-Shachar","Minna Hannula-Sormunen"
"Chiao-Yi Wu","Sh Annabel Chen"
"Moon-Ho Ho","Kim-Yin Chan"
"Moon-Ho Ho","Marilyn A. Uy"
"Moon-Ho Ho","Dolores Albarracin"
"Moon-Ho Ho","Randy P. Auerbach"
"Moon-Ho Ho","Sh Annabel Chen"
"Moon-Ho Ho","Olexander (Sasha) Chernyshenko"
"Moon-Ho Ho","Brent A. Mcbride"
"Moon-Ho Ho","Sarah J Schoppe-Sullivan, Ph.d."
"Moon-Ho Ho","Hernando Ombao"
"Moon-Ho Ho","Christian A. Webb"
"Moon-Ho Ho","Joel Wong"
"Moon-Ho Ho","Chiao-Yi Wu"
"Moon-Ho Ho","Aprajita Mohanty"
"Moon-Ho Ho","Li Qu"
"Moon-Ho Ho","Rebecca P. Ang"
"Moon-Ho Ho","Wai Chan"
"Moon-Ho Ho","Anne-Marie Turcotte-Tremblay"
"David Kareken","Mario Dzemidzic"
"Anqi Qiu","Chong Yap Seng"
"Anqi Qiu","Michael I. Miller"
"Anqi Qiu","Laurent Younes"
"Anqi Qiu","Jia Du"
"Anqi Qiu","Tilak Ratnanather"
"Anqi Qiu","Sh Annabel Chen"
"Anqi Qiu","Susumu Mori"
"Anqi Qiu","Dr Nagulan Ratnarajah"
"Anqi Qiu","Moo K. Chung"
"Anqi Qiu","Joan Alexis Glaunès"
"Anqi Qiu","Kai-Hsiang Chuang"
"Anqi Qiu","Phua, Desiree Y."
"Anqi Qiu","Sl Collinson"
"Anqi Qiu","Steven Yantis"
"Anqi Qiu","Jong-Min Lee"
"Edith Sullivan","Torsten Rohlfing"
"Edith Sullivan","Ian M. Colrain"
"Edith Sullivan","Kilian M. Pohl"
"Edith Sullivan","Dirk Mayer"
"Edith Sullivan","Fiona Baker"
"Edith Sullivan","John Gabrieli"
"Edith Sullivan","Susan Tapert"
"Edith Sullivan","Jerome Yesavage"
"Edith Sullivan","Michael Moseley"
"Epifanio Bagarinao","Sean Mackey"
"Epifanio Bagarinao","Yoshio Tanaka"
"Epifanio Bagarinao","Shinji Naganawa <U+9577><U+7E04><U+614E><U+4E8C>"
"Epifanio Bagarinao","Katherine T. Martucci, Phd"
"Epifanio Bagarinao","Melissa A. Farmer"
"Epifanio Bagarinao","Jennifer Labus"
"Epifanio Bagarinao","Emeran A. Mayer, M.d."
"Epifanio Bagarinao","Dan Clauw"
"Epifanio Bagarinao","Apkar Vania Apkarian"
"Epifanio Bagarinao","Sh Annabel Chen"
"Epifanio Bagarinao","Gary Glover"
"Epifanio Bagarinao","Richard E. Harris"
"Epifanio Bagarinao","Daisuke Mori"
"Epifanio Bagarinao","Eric Ichesco"
"Epifanio Bagarinao","Matthew D. Sacchet"
"Epifanio Bagarinao","Joe Senda"
"Epifanio Bagarinao","Daniel Racoceanu"
"Epifanio Bagarinao","William R. Shirer"
"Epifanio Bagarinao","Caesar Saloma"
"Epifanio Bagarinao","Makoto Miyakoshi"
"Peter R. Martin","Amelia Arria"
"Peter R. Martin","Peter Selby"
"Peter R. Martin","Bryon Adinoff"
"Peter R. Martin","Benoit Dawant"
"Peter R. Martin","Alistair James Reid Finlayson"
"Peter R. Martin","William Cooper"
"Peter R. Martin","Ronald Cowan"
"Peter R. Martin","Meg Benningfield"
"Peter R. Martin","Brian A. Mccool"
"Peter R. Martin","Walter H Kaye"
"Peter R. Martin","Edward Sellers"
"Peter R. Martin","Gold Pw"
"Peter R. Martin","Amy Salisbury"
"Peter R. Martin","Nutt"
"Peter R. Martin","Buchowski, M"
"Peter R. Martin","Richard A Epstein, Phd, Mph"
"Peter R. Martin","Stephen W. Patrick, Md, Mph, Ms"
"Peter R. Martin","Sohee Park"
"Peter R. Martin","Jordan Grafman"
"Peter R. Martin","Victoria L Morgan"
"Kai-Hsiang Chuang","Prashant Chandrasekharan"
"Kai-Hsiang Chuang","Fatima A. Nasrallah"
"Kai-Hsiang Chuang","Jun Ding"
"Kai-Hsiang Chuang","Chang-Tong Yang"
"Kai-Hsiang Chuang","Si-Shen Feng (<U+51AF><U+601D><U+614E>)"
"Kai-Hsiang Chuang","Xuan Vinh To"
"Kai-Hsiang Chuang","Junmin Xue"
"Kai-Hsiang Chuang","Afonso C. Silva, Ph.d."
"Kai-Hsiang Chuang","Ichio Aoki"
"Kai-Hsiang Chuang","S. L.  Talagala"
"Kai-Hsiang Chuang","Ming-Jang Chiu"
"Kai-Hsiang Chuang","Galit Pelled"
"Kai-Hsiang Chuang","Anqi Qiu"
"Kai-Hsiang Chuang","Peter Van Gelderen"
"Kai-Hsiang Chuang","Jan-Ray Liao"
"Kai-Hsiang Chuang","Philip Kuchel"
"Kai-Hsiang Chuang","Asad Abu Bakar Ali"
"Kai-Hsiang Chuang","Choon Hua Thng"
"Kai-Hsiang Chuang","Septian Hartono"
"Kai-Hsiang Chuang","Tong San Koh"
"James B. Hale","Catherine A. Fiorello"
"James B. Hale","Scott L. Decker"
"James B. Hale","Gabrielle Wilcox"
"James B. Hale","Sh Annabel Chen"
"James B. Hale","Scott Solberg"
"James B. Hale","Jan C. Frijters"
"James B. Hale","C A Riccio"
"James B. Hale","Kenneth K Poon"
"James B. Hale","Devin Kearns"
"James B. Hale","Zachary Walker"
"James B. Hale","W. Joel Schneider"
"James B. Hale","Frank P. Macmaster, Phd"
"James B. Hale","Shu-Hui Lee"
"James B. Hale","Jac J. W. Andrews"
"James B. Hale","Seng Chee Tan"
"Makoto Miyakoshi","Scott Makeig"
"Makoto Miyakoshi","Gregory Light"
"Makoto Miyakoshi","Catherine Sugar"
"Makoto Miyakoshi","Arnaud Delorme"
"Fang-Cheng (Frank) Yeh","Juan Carlos Fernandez-Miranda"
"Fang-Cheng (Frank) Yeh","Timothy Verstynen"
"Fang-Cheng (Frank) Yeh","Sudhir K Pathak"
"Fang-Cheng (Frank) Yeh","Sandip Panesar"
"Fang-Cheng (Frank) Yeh","Kumar Abhinav"
"Fang-Cheng (Frank) Yeh","Antonio Meola"
"Fang-Cheng (Frank) Yeh","Robert M Friedlander"
"Fang-Cheng (Frank) Yeh","David T. Fernandes Cabral"
"Fang-Cheng (Frank) Yeh","Jean M. Vettel, Phd"
"Fang-Cheng (Frank) Yeh","Chien Ho"
"Fang-Cheng (Frank) Yeh","T. Kevin Hitchens"
"Fang-Cheng (Frank) Yeh","Kevin Jarbo"
"Fang-Cheng (Frank) Yeh","Sheng-Kwei Song"
"Fang-Cheng (Frank) Yeh","Jie-Zhi Cheng [<U+912D><U+4ECB><U+8A8C>]"
"Fang-Cheng (Frank) Yeh","Barnabas Poczos"
"Fang-Cheng (Frank) Yeh","Meng-Chuan Lai [<U+8CF4><U+5B5F><U+6CC9>]"
"Fang-Cheng (Frank) Yeh","Anil Parwani"
"Kenneth K Poon","Kerry Lee"
"Kenneth K Poon","Meng Ee Wong"
"Kenneth K Poon","Linda R. Watson"
"Chai Quek","Professor Dr Ng Geok See"
"Chai Quek","Kai Keng Ang"
"Chai Quek","Abdul Wahab Abdul Rahman"
"Chai Quek","Cuntai Guan"
"Chai Quek","Dilip K. Prasad"
"Chai Quek","Tuan Zea Tan"
"Chai Quek","Mahnaz Arvaneh"
"Chai Quek","Lloyd H C Chua"
"Chai Quek","David Siu-Yeung Cho"
"Chai Quek","Edmund Lai"
"Chai Quek","Daming Shi"
"Chai Quek","Di Wang"
"Chai Quek","Eyk Ng"
"Chai Quek","Eng Yeow Cheu"
"Chai Quek","Douglas L. Maskell"
"Chai Quek","Minh Nhut Nguyen"
"Chai Quek","Reza Khosrowabadi"
"Chai Quek","See-Kiong Ng"
"Chai Quek","Chee-Kit Looi"
"Chai Quek","Ren Diao"
"Sh Annabel Chen","John E. Desmond"
"Sh Annabel Chen","Chiao-Yi Wu"
"Sh Annabel Chen","Moon-Ho Ho"
"Sh Annabel Chen","David Kareken"
"Sh Annabel Chen","Anqi Qiu"
"Sh Annabel Chen","Edith Sullivan"
"Sh Annabel Chen","Mark Lowe"
"Sh Annabel Chen","Epifanio Bagarinao"
"Sh Annabel Chen","Gary Bond"
"Sh Annabel Chen","Ming-Jang Chiu"
"Sh Annabel Chen","Peter R. Martin"
"Sh Annabel Chen","Kai-Hsiang Chuang"
"Sh Annabel Chen","James B. Hale"
"Sh Annabel Chen","Paul J. Moberg"
"Sh Annabel Chen","Makoto Miyakoshi"
"Sh Annabel Chen","John Mcgrew"
"Sh Annabel Chen","Fang-Cheng (Frank) Yeh"
"Sh Annabel Chen","Kenneth K Poon"
"Sh Annabel Chen","Chai Quek"
"Sh Annabel Chen","Zachary Walker"
"Sh Annabel Chen","John E. Desmond"
"Sh Annabel Chen","Chiao-Yi Wu"
"Sh Annabel Chen","Moon-Ho Ho"
"Sh Annabel Chen","David Kareken"
"Sh Annabel Chen","Anqi Qiu"
"Sh Annabel Chen","Edith Sullivan"
"Sh Annabel Chen","Mark Lowe"
"Sh Annabel Chen","Epifanio Bagarinao"
"Sh Annabel Chen","Gary Bond"
"Sh Annabel Chen","Ming-Jang Chiu"
"Sh Annabel Chen","Peter R. Martin"
"Sh Annabel Chen","Kai-Hsiang Chuang"
"Sh Annabel Chen","James B. Hale"
"Sh Annabel Chen","Paul J. Moberg"
"Sh Annabel Chen","Makoto Miyakoshi"
"Sh Annabel Chen","John Mcgrew"
"Sh Annabel Chen","Fang-Cheng (Frank) Yeh"
"Sh Annabel Chen","Kenneth K Poon"
"Sh Annabel Chen","Chai Quek"
"Sh Annabel Chen","Zachary Walker"
"Sh Annabel Chen","John E. Desmond"
"Sh Annabel Chen","Chiao-Yi Wu"
"Sh Annabel Chen","Moon-Ho Ho"
"Sh Annabel Chen","David Kareken"
"Sh Annabel Chen","Anqi Qiu"
"Sh Annabel Chen","Edith Sullivan"
"Sh Annabel Chen","Mark Lowe"
"Sh Annabel Chen","Epifanio Bagarinao"
"Sh Annabel Chen","Gary Bond"
"Sh Annabel Chen","Ming-Jang Chiu"
"Sh Annabel Chen","Peter R. Martin"
"Sh Annabel Chen","Kai-Hsiang Chuang"
"Sh Annabel Chen","James B. Hale"
"Sh Annabel Chen","Paul J. Moberg"
"Sh Annabel Chen","Makoto Miyakoshi"
"Sh Annabel Chen","John Mcgrew"
"Sh Annabel Chen","Fang-Cheng (Frank) Yeh"
"Sh Annabel Chen","Kenneth K Poon"
"Sh Annabel Chen","Chai Quek"
"Sh Annabel Chen","Zachary Walker"
"Lawrence W. Barsalou","W. Kyle Simmons, Ph.d."
"Lawrence W. Barsalou","Christine D. Wilson-Mendenhall"
"Lawrence W. Barsalou","Lisa Feldman Barrett"
"Lawrence W. Barsalou","Paula Niedenthal"
"Lawrence W. Barsalou","Esther K. Papies"
"Lawrence W. Barsalou","Ken Mcrae"
"Lawrence W. Barsalou","Diane Pecher"
"Lawrence W. Barsalou","Sergio Chaigneau"
"Lawrence W. Barsalou","Alex Martin"
"Lawrence W. Barsalou","Michael J. Spivey"
"Lawrence W. Barsalou","Lauren A. M. Lebois"
"Lawrence W. Barsalou","Piotr Winkielman"
"Lawrence W. Barsalou","Stephan Hamann"
"Lawrence W. Barsalou","Barbara Luka"
"Lawrence W. Barsalou","Angelo Cangelosi"
"Lawrence W. Barsalou","Giovanni Pezzulo"
"Lawrence W. Barsalou","Martin H Fischer"
"Lawrence W. Barsalou","George Mandler"
"Lawrence W. Barsalou","Robert Goldstone"
"Lawrence W. Barsalou","Zachary Estes"
"Christoph Scheepers","Barbara Hemforth"
"Christoph Scheepers","Lars Konieczny"
"Christoph Scheepers","Dr Andriy Myachykov"
"Christoph Scheepers","Roberto Caldara"
"Christoph Scheepers","Matthew W. Crocker"
"Christoph Scheepers","Caroline Blais"
"Christoph Scheepers","Dale J. Barr"
"Christoph Scheepers","Harry Tily"
"Christoph Scheepers","Roger Levy"
"Christoph Scheepers","Martin Pickering"
"Christoph Scheepers","Rachael E. Jack"
"Christoph Scheepers","Yuki Kamide"
"Christoph Scheepers","Heather Ferguson"
"Christoph Scheepers","Daniel Fiset"
"Christoph Scheepers","Patrick Sturt"
"Christoph Scheepers","Simon Garrod"
"Christoph Scheepers","Philippe G. Schyns"
"Christoph Scheepers","Roger P.g. Van Gompel"
"Christoph Scheepers","""A J Sanford"" ""Tony Sanford"""
"Christoph Scheepers","Knoeferle Pia"
"Esther K. Papies","Lawrence W. Barsalou"
"Esther K. Papies","Mike Keesman"
"Esther K. Papies","Guido M. Van Koningsbruggen"
"Esther K. Papies","Lotte Van Dillen"
"Esther K. Papies","Michael Häfner"
"Esther K. Papies","Harm Veling"
"Esther K. Papies","Tila Pronk"
"Esther K. Papies","Nanne De Vries"
"Esther K. Papies","Wilhelm Hofmann"
"Esther K. Papies","Andrea Kübler"
"Léo Dutriaux","Lawrence W. Barsalou"
"Léo Dutriaux","Christoph Scheepers"
"Léo Dutriaux","Serge Nicolas"
"Léo Dutriaux","Dominique Makowski"
"Léo Dutriaux","Pascale Piolino"
"Léo Dutriaux","Giuseppe Riva"
"Léo Dutriaux","Esther K. Papies"
"Léo Dutriaux","Lawrence W. Barsalou"
"Léo Dutriaux","Christoph Scheepers"
"Léo Dutriaux","Serge Nicolas"
"Léo Dutriaux","Dominique Makowski"
"Léo Dutriaux","Pascale Piolino"
"Léo Dutriaux","Giuseppe Riva"
"Léo Dutriaux","Esther K. Papies"
"Léo Dutriaux","Lawrence W. Barsalou"
"Léo Dutriaux","Christoph Scheepers"
"Léo Dutriaux","Serge Nicolas"
"Léo Dutriaux","Dominique Makowski"
"Léo Dutriaux","Pascale Piolino"
"Léo Dutriaux","Giuseppe Riva"
"Léo Dutriaux","Esther K. Papies"
"Pietro Cipresso","Giuseppe Riva"
"Pietro Cipresso","Silvia Serino"
"Pietro Cipresso","Andrea Gaggioli"
"Pietro Cipresso","Elisa Pedroli"
"Pietro Cipresso","Federica Pallavicini"
"Pietro Cipresso","Daniela Villani"
"Pietro Cipresso","Giovanni Albani"
"Pietro Cipresso","Alessandra Grassi"
"Pietro Cipresso","Alice Chirico"
"Pietro Cipresso","Laura Carelli"
"Pietro Cipresso","Barbara Poletti Phd"
"Pietro Cipresso","Desirée Colombo"
"Pietro Cipresso","Paolo Meriggi"
"Pietro Cipresso","Giovanni Pioggia"
"Pietro Cipresso","Gennaro Tartarisco"
"Pietro Cipresso","Mauro Alessandro"
"Pietro Cipresso","Claudia Repetto"
"Pietro Cipresso","Maurizio Mauri"
"Pietro Cipresso","Irene Alice Chicchi Giglioli"
"Pietro Cipresso","Marco Stramba-Badiale"
"Antonios Dakanalis, Md, Psyd, Phd","Giuseppe Riva"
"Antonios Dakanalis, Md, Psyd, Phd","Massimo Clerici"
"Antonios Dakanalis, Md, Psyd, Phd","Maria Assunta Zanetti"
"Antonios Dakanalis, Md, Psyd, Phd","Giuseppe Carra'"
"Antonios Dakanalis, Md, Psyd, Phd","Silvia Serino"
"Antonios Dakanalis, Md, Psyd, Phd","Antonio Prunas"
"Antonios Dakanalis, Md, Psyd, Phd","Mario (Mago) Clerici"
"Antonios Dakanalis, Md, Psyd, Phd","Alix Timko"
"Antonios Dakanalis, Md, Psyd, Phd","Marta Ferrer Garcia"
"Antonios Dakanalis, Md, Psyd, Phd","Fabio Madeddu"
"Antonios Dakanalis, Md, Psyd, Phd","José Gutiérrez Maldonado"
"Antonios Dakanalis, Md, Psyd, Phd","Fernando Fernandez-Aranda"
"Antonios Dakanalis, Md, Psyd, Phd","Cristina Crocamo"
"Antonios Dakanalis, Md, Psyd, Phd","Neli Escandón-Nagel"
"Antonios Dakanalis, Md, Psyd, Phd","Elisa Pedroli"
"Antonios Dakanalis, Md, Psyd, Phd","Alice Chirico"
"Antonios Dakanalis, Md, Psyd, Phd","Andrea Gaggioli"
"Antonios Dakanalis, Md, Psyd, Phd","Laura Forcano"
"Antonios Dakanalis, Md, Psyd, Phd","Daniele Di Lernia"
"Antonios Dakanalis, Md, Psyd, Phd","Rachel Calogero"
"Giuseppe Riva","Pietro Cipresso"
"Giuseppe Riva","Silvia Serino"
"Giuseppe Riva","Antonios Dakanalis, Md, Psyd, Phd"
"Giuseppe Riva","Daniela Villani"
"Giuseppe Riva","Fabrizia Mantovani"
"Giuseppe Riva","Pietro Cipresso"
"Giuseppe Riva","Silvia Serino"
"Giuseppe Riva","Antonios Dakanalis, Md, Psyd, Phd"
"Giuseppe Riva","Daniela Villani"
"Giuseppe Riva","Fabrizia Mantovani"
"Giuseppe Riva","Pietro Cipresso"
"Giuseppe Riva","Silvia Serino"
"Giuseppe Riva","Antonios Dakanalis, Md, Psyd, Phd"
"Giuseppe Riva","Daniela Villani"
"Giuseppe Riva","Fabrizia Mantovani"
"Pietro Cipresso","Giuseppe Riva"
"Pietro Cipresso","Silvia Serino"
"Pietro Cipresso","Andrea Gaggioli"
"Pietro Cipresso","Elisa Pedroli"
"Pietro Cipresso","Federica Pallavicini"
"Pietro Cipresso","Daniela Villani"
"Pietro Cipresso","Giovanni Albani"
"Pietro Cipresso","Alessandra Grassi"
"Pietro Cipresso","Alice Chirico"
"Pietro Cipresso","Laura Carelli"
"Pietro Cipresso","Barbara Poletti Phd"
"Pietro Cipresso","Desirée Colombo"
"Pietro Cipresso","Paolo Meriggi"
"Pietro Cipresso","Giovanni Pioggia"
"Pietro Cipresso","Gennaro Tartarisco"
"Pietro Cipresso","Mauro Alessandro"
"Pietro Cipresso","Claudia Repetto"
"Pietro Cipresso","Maurizio Mauri"
"Pietro Cipresso","Irene Alice Chicchi Giglioli"
"Pietro Cipresso","Marco Stramba-Badiale"
"Andrea Gaggioli","Giuseppe Riva"
"Andrea Gaggioli","Pietro Cipresso"
"Andrea Gaggioli","Fabrizia Mantovani"
"Andrea Gaggioli","Silvia Serino"
"Andrea Gaggioli","Daniela Villani"
"Andrea Gaggioli","Gianluca Castelnuovo"
"Andrea Gaggioli","Francesca Morganti"
"Andrea Gaggioli","Alice Chirico"
"Andrea Gaggioli","Alessandra Gorini"
"Andrea Gaggioli","Cristina Botella"
"Andrea Gaggioli","Federica Pallavicini"
"Andrea Gaggioli","Alessandra Grassi"
"Andrea Gaggioli","Prof. Mariano Alcañiz Raya"
"Andrea Gaggioli","Rosa Banos"
"Andrea Gaggioli","Giovanni Pioggia"
"Andrea Gaggioli","Luca Milani"
"Andrea Gaggioli","Gennaro Tartarisco"
"Andrea Gaggioli","Claudia Repetto"
"Andrea Gaggioli","Elvis Mazzoni"
"Andrea Gaggioli","Luca Vezzadini"
"Elisa Pedroli","Giuseppe Riva"
"Elisa Pedroli","Pietro Cipresso"
"Elisa Pedroli","Silvia Serino"
"Elisa Pedroli","Federica Pallavicini"
"Elisa Pedroli","Alice Chirico"
"Elisa Pedroli","Giovanni Albani"
"Elisa Pedroli","Laura Carelli"
"Elisa Pedroli","Barbara Poletti Phd"
"Elisa Pedroli","Antonios Dakanalis, Md, Psyd, Phd"
"Elisa Pedroli","Irene Alice Chicchi Giglioli"
"Elisa Pedroli","Gianluca Castelnuovo"
"Elisa Pedroli","Federica Scarpina"
"Elisa Pedroli","Gian Mauro Manzoni"
"Federica Pallavicini","Giuseppe Riva"
"Federica Pallavicini","Pietro Cipresso"
"Federica Pallavicini","Andrea Gaggioli"
"Federica Pallavicini","Silvia Serino"
"Federica Pallavicini","Alessandra Grassi"
"Federica Pallavicini","Elisa Pedroli"
"Federica Pallavicini","Fabrizia Mantovani"
"Federica Pallavicini","Claudia Repetto"
"Federica Pallavicini","Alessandra Gorini"
"Federica Pallavicini","Irene Alice Chicchi Giglioli"
"Federica Pallavicini","Alice Chirico"
"Federica Pallavicini","Laura Carelli"
"Federica Pallavicini","Antonios Dakanalis, Md, Psyd, Phd"
"Federica Pallavicini","Francesco Archetti"
"Federica Pallavicini","Gian Mauro Manzoni"
"Federica Pallavicini","Gianluca Castelnuovo"
"Federica Pallavicini","Thomas D. Parsons, Phd"
"Federica Pallavicini","Paolo Riva"
"Federica Pallavicini","Leonor J Romero Lauro"
"Federica Pallavicini","Daniela Villani"
"Antonios Dakanalis, Md, Psyd, Phd","Giuseppe Riva"
"Antonios Dakanalis, Md, Psyd, Phd","Massimo Clerici"
"Antonios Dakanalis, Md, Psyd, Phd","Maria Assunta Zanetti"
"Antonios Dakanalis, Md, Psyd, Phd","Giuseppe Carra'"
"Antonios Dakanalis, Md, Psyd, Phd","Silvia Serino"
"Antonios Dakanalis, Md, Psyd, Phd","Antonio Prunas"
"Antonios Dakanalis, Md, Psyd, Phd","Mario (Mago) Clerici"
"Antonios Dakanalis, Md, Psyd, Phd","Alix Timko"
"Antonios Dakanalis, Md, Psyd, Phd","Marta Ferrer Garcia"
"Antonios Dakanalis, Md, Psyd, Phd","Fabio Madeddu"
"Antonios Dakanalis, Md, Psyd, Phd","José Gutiérrez Maldonado"
"Antonios Dakanalis, Md, Psyd, Phd","Fernando Fernandez-Aranda"
"Antonios Dakanalis, Md, Psyd, Phd","Cristina Crocamo"
"Antonios Dakanalis, Md, Psyd, Phd","Neli Escandón-Nagel"
"Antonios Dakanalis, Md, Psyd, Phd","Elisa Pedroli"
"Antonios Dakanalis, Md, Psyd, Phd","Alice Chirico"
"Antonios Dakanalis, Md, Psyd, Phd","Andrea Gaggioli"
"Antonios Dakanalis, Md, Psyd, Phd","Laura Forcano"
"Antonios Dakanalis, Md, Psyd, Phd","Daniele Di Lernia"
"Antonios Dakanalis, Md, Psyd, Phd","Rachel Calogero"
"Stefano Triberti","Giuseppe Riva"
"Stefano Triberti","Daniela Villani"
"Stefano Triberti","Silvia Serino"
"Stefano Triberti","Serena Barello"
"Stefano Triberti","Guendalina Graffigna"
"Stefano Triberti","Andrea Gaggioli"
"Stefano Triberti","Alice Chirico"
"Stefano Triberti","Pietro Cipresso"
"Stefano Triberti","Claudia Repetto"
"Stefano Triberti","Federica Pallavicini"
"Stefano Triberti","Antonios Dakanalis, Md, Psyd, Phd"
"Stefano Triberti","Judith H. Hibbard"
"Stefano Triberti","Elisa Liberati"
"Stefano Triberti","Corrado Sinigaglia"
"Stefano Triberti","Fabrizio A. M. Davide"
"Silvia Serino","Giuseppe Riva"
"Silvia Serino","Pietro Cipresso"
"Silvia Serino","Andrea Gaggioli"
"Silvia Serino","Elisa Pedroli"
"Silvia Serino","Federica Pallavicini"
"Silvia Serino","Antonios Dakanalis, Md, Psyd, Phd"
"Silvia Serino","Daniela Villani"
"Silvia Serino","Stefano Triberti"
"Silvia Serino","Giuseppe Riva"
"Silvia Serino","Pietro Cipresso"
"Silvia Serino","Andrea Gaggioli"
"Silvia Serino","Elisa Pedroli"
"Silvia Serino","Federica Pallavicini"
"Silvia Serino","Antonios Dakanalis, Md, Psyd, Phd"
"Silvia Serino","Daniela Villani"
"Silvia Serino","Stefano Triberti"
"Silvia Serino","Giuseppe Riva"
"Silvia Serino","Pietro Cipresso"
"Silvia Serino","Andrea Gaggioli"
"Silvia Serino","Elisa Pedroli"
"Silvia Serino","Federica Pallavicini"
"Silvia Serino","Antonios Dakanalis, Md, Psyd, Phd"
"Silvia Serino","Daniela Villani"
"Silvia Serino","Stefano Triberti"
"Scott Clifford","Jennifer Jerit"
"Scott Clifford","Philip D. Waggoner"
"Scott Clifford","Ryan Kennedy"
"Scott Clifford","Vijeth Iyengar"
"Scott Clifford","Roberto Cabeza"
"Scott Clifford","Walter Sinnott-Armstrong"
"Scott Clifford","Tyler Burleigh"
"Scott Clifford","Jason Barabas"
"Scott Clifford","Kyle A. Thomas"
"Scott Clifford","Dane G. Wendell"
"Scott Clifford","Matt Motyl"
"Scott Clifford","Carlisle Rainey"
"Scott Clifford","Spencer Piston"
"Scott Clifford","Ben Gaskins"
"Scott Clifford","Justin H. Kirkland"
"Scott Clifford","Elizabeth Simas"
"Scott Clifford","Nicholas Winter"
"Scott Clifford","Brianna A Smith"
"Scott Clifford","Paulo Sérgio Boggio"
"Scott Clifford","Brian W. Sullivan"
"Ryan Kennedy","David Lazer"
"Ryan Kennedy","Gary King"
"Ryan Kennedy","Alessandro Vespignani"
"Ryan Kennedy","Michael Neblo"
"Ryan Kennedy","Kevin Esterling"
"Ryan Kennedy","Anand Sokhey"
"Ryan Kennedy","John Ishiyama"
"Ryan Kennedy","Scott Clifford"
"Ryan Kennedy","Johannes Urpelainen"
"Ryan Kennedy","Philip D. Waggoner"
"Ryan Kennedy","Tyler Burleigh"
"Ryan Kennedy","Lydia Tiede"
"Ryan Kennedy","Stefan Wojcik"
"Ryan Kennedy","Naren Ramakrishnan"
"Ryan Kennedy","Wei Wang"
"Ryan Kennedy","Cristian Cantir"
"Ryan Kennedy","Eugenie Dugoua"
"Ryan Kennedy","Matthew Ward"
"Ryan Kennedy","Max Abrahms"
"Ryan Kennedy","Joonseok Yang"
"Tyler Burleigh","Jordan Richard Schoenherr"
"Tyler Burleigh","Scott Clifford"
"Tyler Burleigh","Ryan Kennedy"
"Tyler Burleigh","Philip D. Waggoner"
"Tyler Burleigh","Alicia Rubel"
"Tyler Burleigh","Anne Ferrey"
"Tyler Burleigh","Mark J. Fenske"
"Tyler Burleigh","Robin Milhausen"
"Tyler Burleigh","Jessica Wood"
"Tyler Burleigh","Adam Maxwell Sparks"
"Tyler Burleigh","Pat Barclay"
"Tyler Burleigh","Nicholas Winter"
"Myriam Shiran","Philip D. Waggoner"
"Myriam Shiran","Ryan Kennedy"
"Myriam Shiran","Hayden Le"
"Philip D. Waggoner","Scott Clifford"
"Philip D. Waggoner","Ryan Kennedy"
"Philip D. Waggoner","Tyler Burleigh"
"Philip D. Waggoner","Brandon Rottinghaus"
"Philip D. Waggoner","Daniel Lüdecke"
"Philip D. Waggoner","Dominique Makowski"
"Philip D. Waggoner","Myriam Shiran"
"Philip D. Waggoner","Hayden Le"
"Philip D. Waggoner","Scott Clifford"
"Philip D. Waggoner","Ryan Kennedy"
"Philip D. Waggoner","Tyler Burleigh"
"Philip D. Waggoner","Brandon Rottinghaus"
"Philip D. Waggoner","Daniel Lüdecke"
"Philip D. Waggoner","Dominique Makowski"
"Philip D. Waggoner","Myriam Shiran"
"Philip D. Waggoner","Hayden Le"
"Philip D. Waggoner","Scott Clifford"
"Philip D. Waggoner","Ryan Kennedy"
"Philip D. Waggoner","Tyler Burleigh"
"Philip D. Waggoner","Brandon Rottinghaus"
"Philip D. Waggoner","Daniel Lüdecke"
"Philip D. Waggoner","Dominique Makowski"
"Philip D. Waggoner","Myriam Shiran"
"Philip D. Waggoner","Hayden Le"
"Allan Armougum","Pascale Piolino"
"Allan Armougum","Marco Sperduti"
"Allan Armougum","Dominique Makowski"
"Allan Armougum","Philippe Blondé"
"Allan Armougum","Pascale Piolino"
"Allan Armougum","Marco Sperduti"
"Allan Armougum","Dominique Makowski"
"Allan Armougum","Philippe Blondé"
"Allan Armougum","Pascale Piolino"
"Allan Armougum","Marco Sperduti"
"Allan Armougum","Dominique Makowski"
"Allan Armougum","Philippe Blondé"
"Tam Pham","Lau Zen Juen"
"Tam Pham","Dominique Makowski"
"Tam Pham","Sh Annabel Chen"
"Tam Pham","Adrian Raine"
"Tam Pham","Lau Zen Juen"
"Tam Pham","Dominique Makowski"
"Tam Pham","Sh Annabel Chen"
"Tam Pham","Adrian Raine"
"Tam Pham","Lau Zen Juen"
"Tam Pham","Dominique Makowski"
"Tam Pham","Sh Annabel Chen"
"Tam Pham","Adrian Raine"
"Alexa Morcom","Michael D. Rugg"
"Alexa Morcom","Edward T Bullmore"
"Alexa Morcom","Karl Friston"
"Alexa Morcom","Richard Frackowiak"
"Alexa Morcom","David Meunier"
"Alexa Morcom","Sophie Achard"
"Alexa Morcom","Stefan Kiebel"
"Alexa Morcom","Catriona Good"
"Alexa Morcom","Robert Logie"
"Alexa Morcom","Klaas Enno Stephan"
"Alexa Morcom","Felicia Huppert"
"Alexa Morcom","Wendy Johnson"
"Alexa Morcom","Mario Parra"
"Alexa Morcom","Michael Hornberger"
"Alexa Morcom","Belinda Lennox"
"Alexa Morcom","Rebecca S. Schaefer"
"Lau Zen Juen","Alexa Morcom"
"Lau Zen Juen","Dominique Makowski"
"Lau Zen Juen","Tam Pham"
"Lau Zen Juen","Sh Annabel Chen"
"Lau Zen Juen","Adrian Raine"
"Lau Zen Juen","Alexa Morcom"
"Lau Zen Juen","Dominique Makowski"
"Lau Zen Juen","Tam Pham"
"Lau Zen Juen","Sh Annabel Chen"
"Lau Zen Juen","Adrian Raine"
"Lau Zen Juen","Alexa Morcom"
"Lau Zen Juen","Dominique Makowski"
"Lau Zen Juen","Tam Pham"
"Lau Zen Juen","Sh Annabel Chen"
"Lau Zen Juen","Adrian Raine"
"Jean-Charles Girardeau","Marco Sperduti"
"Jean-Charles Girardeau","Pascale Piolino"
"Jean-Charles Girardeau","Philippe Blondé"
"Jean-Charles Girardeau","Dominique Makowski"
"Jean-Charles Girardeau","Marco Sperduti"
"Jean-Charles Girardeau","Pascale Piolino"
"Jean-Charles Girardeau","Philippe Blondé"
"Jean-Charles Girardeau","Dominique Makowski"
"Jean-Charles Girardeau","Marco Sperduti"
"Jean-Charles Girardeau","Pascale Piolino"
"Jean-Charles Girardeau","Philippe Blondé"
"Jean-Charles Girardeau","Dominique Makowski"
"Dominique Makowski","Pascale Piolino"
"Dominique Makowski","Marco Sperduti"
"Dominique Makowski","Serge Nicolas"
"Dominique Makowski","Daniel Lüdecke"
"Dominique Makowski","Philippe Blondé"
"Dominique Makowski","Tiziana Zalla"
"Dominique Makowski","Stephane Lemaire"
"Dominique Makowski","Mattan S. Ben-Shachar"
"Dominique Makowski","Sh Annabel Chen"
"Dominique Makowski","Léo Dutriaux"
"Dominique Makowski","Giuseppe Riva"
"Dominique Makowski","Silvia Serino"
"Dominique Makowski","Philip D. Waggoner"
"Dominique Makowski","Allan Armougum"
"Dominique Makowski","Sandrine Rossi"
"Dominique Makowski","Tam Pham"
"Dominique Makowski","Lau Zen Juen"
"Dominique Makowski","Jean-Charles Girardeau"
"Dominique Makowski","Adrian Raine"
"Dominique Makowski","La Corte Valentina"
"Dominique Makowski","Pascale Piolino"
"Dominique Makowski","Marco Sperduti"
"Dominique Makowski","Serge Nicolas"
"Dominique Makowski","Daniel Lüdecke"
"Dominique Makowski","Philippe Blondé"
"Dominique Makowski","Tiziana Zalla"
"Dominique Makowski","Stephane Lemaire"
"Dominique Makowski","Mattan S. Ben-Shachar"
"Dominique Makowski","Sh Annabel Chen"
"Dominique Makowski","Léo Dutriaux"
"Dominique Makowski","Giuseppe Riva"
"Dominique Makowski","Silvia Serino"
"Dominique Makowski","Philip D. Waggoner"
"Dominique Makowski","Allan Armougum"
"Dominique Makowski","Sandrine Rossi"
"Dominique Makowski","Tam Pham"
"Dominique Makowski","Lau Zen Juen"
"Dominique Makowski","Jean-Charles Girardeau"
"Dominique Makowski","Adrian Raine"
"Dominique Makowski","La Corte Valentina"
"Dominique Makowski","Pascale Piolino"
"Dominique Makowski","Marco Sperduti"
"Dominique Makowski","Serge Nicolas"
"Dominique Makowski","Daniel Lüdecke"
"Dominique Makowski","Philippe Blondé"
"Dominique Makowski","Tiziana Zalla"
"Dominique Makowski","Stephane Lemaire"
"Dominique Makowski","Mattan S. Ben-Shachar"
"Dominique Makowski","Sh Annabel Chen"
"Dominique Makowski","Léo Dutriaux"
"Dominique Makowski","Giuseppe Riva"
"Dominique Makowski","Silvia Serino"
"Dominique Makowski","Philip D. Waggoner"
"Dominique Makowski","Allan Armougum"
"Dominique Makowski","Sandrine Rossi"
"Dominique Makowski","Tam Pham"
"Dominique Makowski","Lau Zen Juen"
"Dominique Makowski","Jean-Charles Girardeau"
"Dominique Makowski","Adrian Raine"
"Dominique Makowski","La Corte Valentina"
"Dominique Makowski","Pascale Piolino"
"Dominique Makowski","Marco Sperduti"
"Dominique Makowski","Serge Nicolas"
"Dominique Makowski","Daniel Lüdecke"
"Dominique Makowski","Philippe Blondé"
"Dominique Makowski","Tiziana Zalla"
"Dominique Makowski","Stephane Lemaire"
"Dominique Makowski","Mattan S. Ben-Shachar"
"Dominique Makowski","Sh Annabel Chen"
"Dominique Makowski","Léo Dutriaux"
"Dominique Makowski","Giuseppe Riva"
"Dominique Makowski","Silvia Serino"
"Dominique Makowski","Philip D. Waggoner"
"Dominique Makowski","Allan Armougum"
"Dominique Makowski","Sandrine Rossi"
"Dominique Makowski","Tam Pham"
"Dominique Makowski","Lau Zen Juen"
"Dominique Makowski","Jean-Charles Girardeau"
"Dominique Makowski","Adrian Raine"
"Dominique Makowski","La Corte Valentina"
"Dominique Makowski","Pascale Piolino"
"Dominique Makowski","Marco Sperduti"
"Dominique Makowski","Serge Nicolas"
"Dominique Makowski","Daniel Lüdecke"
"Dominique Makowski","Philippe Blondé"
"Dominique Makowski","Tiziana Zalla"
"Dominique Makowski","Stephane Lemaire"
"Dominique Makowski","Mattan S. Ben-Shachar"
"Dominique Makowski","Sh Annabel Chen"
"Dominique Makowski","Léo Dutriaux"
"Dominique Makowski","Giuseppe Riva"
"Dominique Makowski","Silvia Serino"
"Dominique Makowski","Philip D. Waggoner"
"Dominique Makowski","Allan Armougum"
"Dominique Makowski","Sandrine Rossi"
"Dominique Makowski","Tam Pham"
"Dominique Makowski","Lau Zen Juen"
"Dominique Makowski","Jean-Charles Girardeau"
"Dominique Makowski","Adrian Raine"
"Dominique Makowski","La Corte Valentina"
"Dominique Makowski","Pascale Piolino"
"Dominique Makowski","Marco Sperduti"
"Dominique Makowski","Serge Nicolas"
"Dominique Makowski","Daniel Lüdecke"
"Dominique Makowski","Philippe Blondé"
"Dominique Makowski","Tiziana Zalla"
"Dominique Makowski","Stephane Lemaire"
"Dominique Makowski","Mattan S. Ben-Shachar"
"Dominique Makowski","Sh Annabel Chen"
"Dominique Makowski","Léo Dutriaux"
"Dominique Makowski","Giuseppe Riva"
"Dominique Makowski","Silvia Serino"
"Dominique Makowski","Philip D. Waggoner"
"Dominique Makowski","Allan Armougum"
"Dominique Makowski","Sandrine Rossi"
"Dominique Makowski","Tam Pham"
"Dominique Makowski","Lau Zen Juen"
"Dominique Makowski","Jean-Charles Girardeau"
"Dominique Makowski","Adrian Raine"
"Dominique Makowski","La Corte Valentina"
"Dominique Makowski","Pascale Piolino"
"Dominique Makowski","Marco Sperduti"
"Dominique Makowski","Serge Nicolas"
"Dominique Makowski","Daniel Lüdecke"
"Dominique Makowski","Philippe Blondé"
"Dominique Makowski","Tiziana Zalla"
"Dominique Makowski","Stephane Lemaire"
"Dominique Makowski","Mattan S. Ben-Shachar"
"Dominique Makowski","Sh Annabel Chen"
"Dominique Makowski","Léo Dutriaux"
"Dominique Makowski","Giuseppe Riva"
"Dominique Makowski","Silvia Serino"
"Dominique Makowski","Philip D. Waggoner"
"Dominique Makowski","Allan Armougum"
"Dominique Makowski","Sandrine Rossi"
"Dominique Makowski","Tam Pham"
"Dominique Makowski","Lau Zen Juen"
"Dominique Makowski","Jean-Charles Girardeau"
"Dominique Makowski","Adrian Raine"
"Dominique Makowski","La Corte Valentina"
"Dominique Makowski","Pascale Piolino"
"Dominique Makowski","Marco Sperduti"
"Dominique Makowski","Serge Nicolas"
"Dominique Makowski","Daniel Lüdecke"
"Dominique Makowski","Philippe Blondé"
"Dominique Makowski","Tiziana Zalla"
"Dominique Makowski","Stephane Lemaire"
"Dominique Makowski","Mattan S. Ben-Shachar"
"Dominique Makowski","Sh Annabel Chen"
"Dominique Makowski","Léo Dutriaux"
"Dominique Makowski","Giuseppe Riva"
"Dominique Makowski","Silvia Serino"
"Dominique Makowski","Philip D. Waggoner"
"Dominique Makowski","Allan Armougum"
"Dominique Makowski","Sandrine Rossi"
"Dominique Makowski","Tam Pham"
"Dominique Makowski","Lau Zen Juen"
"Dominique Makowski","Jean-Charles Girardeau"
"Dominique Makowski","Adrian Raine"
"Dominique Makowski","La Corte Valentina"
"Dominique Makowski","Pascale Piolino"
"Dominique Makowski","Marco Sperduti"
"Dominique Makowski","Serge Nicolas"
"Dominique Makowski","Daniel Lüdecke"
"Dominique Makowski","Philippe Blondé"
"Dominique Makowski","Tiziana Zalla"
"Dominique Makowski","Stephane Lemaire"
"Dominique Makowski","Mattan S. Ben-Shachar"
"Dominique Makowski","Sh Annabel Chen"
"Dominique Makowski","Léo Dutriaux"
"Dominique Makowski","Giuseppe Riva"
"Dominique Makowski","Silvia Serino"
"Dominique Makowski","Philip D. Waggoner"
"Dominique Makowski","Allan Armougum"
"Dominique Makowski","Sandrine Rossi"
"Dominique Makowski","Tam Pham"
"Dominique Makowski","Lau Zen Juen"
"Dominique Makowski","Jean-Charles Girardeau"
"Dominique Makowski","Adrian Raine"
"Dominique Makowski","La Corte Valentina"
